b'{"documents":[{"score":0.4194343,"id":"1"}],"errors":[]}'
b'{"documents":[{"score":0.5781226,"id":"2"}],"errors":[]}'
b'{"documents":[{"score":0.8315132,"id":"3"}],"errors":[]}'
b'{"documents":[{"score":0.2718372,"id":"4"}],"errors":[]}'
b'{"documents":[{"score":0.6640665,"id":"5"}],"errors":[]}'
b'{"documents":[{"score":0.970259,"id":"6"}],"errors":[]}'
b'{"documents":[{"score":0.5402986,"id":"7"}],"errors":[]}'
b'{"documents":[{"score":0.2722535,"id":"8"}],"errors":[]}'
b'{"documents":[{"score":0.8563854,"id":"9"}],"errors":[]}'
b'{"documents":[{"score":0.8848491,"id":"10"}],"errors":[]}'
b'{"documents":[{"score":0.8076261,"id":"11"}],"errors":[]}'
b'{"documents":[{"score":0.8141792,"id":"12"}],"errors":[]}'
b'{"documents":[{"score":0.742666,"id":"13"}],"errors":[]}'
b'{"documents":[{"score":0.4318079,"id":"14"}],"errors":[]}'
b'{"documents":[{"score":0.4971943,"id":"15"}],"errors":[]}'
b'{"documents":[{"score":0.8951552,"id":"16"}],"errors":[]}'
b'{"documents":[{"score":0.5817961,"id":"17"}],"errors":[]}'
b'{"documents":[{"score":0.7112312,"id":"18"}],"errors":[]}'
b'{"documents":[{"score":0.8076261,"id":"19"}],"errors":[]}'
b'{"documents":[{"score":0.7104737,"id":"20"}],"errors":[]}'
b'{"documents":[{"score":0.8743759,"id":"21"}],"errors":[]}'
b'{"documents":[{"score":0.7392717,"id":"22"}],"errors":[]}'
b'{"documents":[{"score":0.4531938,"id":"23"}],"errors":[]}'
b'{"documents":[{"score":0.8299485,"id":"24"}],"errors":[]}'
b'{"documents":[{"score":0.8098541,"id":"25"}],"errors":[]}'
b'{"documents":[{"score":0.9150775,"id":"26"}],"errors":[]}'
b'{"documents":[{"score":0.9948381,"id":"27"}],"errors":[]}'
b'{"documents":[{"score":0.7191926,"id":"28"}],"errors":[]}'
b'{"documents":[{"score":0.9285522,"id":"29"}],"errors":[]}'
